-- ============================================
-- ПОЛЕСЬЕЭЛЕКТРОМАШ: ПОЛНАЯ НОМЕНКЛАТУРА ПРОДУКЦИИ
-- Источник: официальный каталог предприятия
-- ============================================
CREATE DATABASE IF NOT EXISTS `polesie_production` CHARACTER SET utf8mb4 COLLATE utf8mb4_unicode_ci;
USE `polesie_production`;

SET NAMES utf8mb4;
SET FOREIGN_KEY_CHECKS = 0;

-- Удаление старых таблиц
DROP TABLE IF EXISTS `product_documents`;
DROP TABLE IF EXISTS `product_serial_numbers`;
DROP TABLE IF EXISTS `quality_checks`;
DROP TABLE IF EXISTS `production_task_stages`;
DROP TABLE IF EXISTS `production_tasks_materials`;
DROP TABLE IF EXISTS `production_tasks`;
DROP TABLE IF EXISTS `route_card_operations`;
DROP TABLE IF EXISTS `route_cards`;
DROP TABLE IF EXISTS `production_stages`;
DROP TABLE IF EXISTS `order_items`;
DROP TABLE IF EXISTS `orders`;
DROP TABLE IF EXISTS `products`;
DROP TABLE IF EXISTS `materials`;
DROP TABLE IF EXISTS `product_categories`;
DROP TABLE IF EXISTS `material_categories`;
DROP TABLE IF EXISTS `contractors`;
DROP TABLE IF EXISTS `users`;
DROP TABLE IF EXISTS `user_roles`;
DROP TABLE IF EXISTS `base_units`;

-- 1. ЕДИНИЦЫ ИЗМЕРЕНИЯ
CREATE TABLE `base_units` (
  `id` INT AUTO_INCREMENT PRIMARY KEY,
  `name` VARCHAR(50) NOT NULL,
  `code` VARCHAR(20) NOT NULL UNIQUE,
  `symbol` VARCHAR(10)
) ENGINE=InnoDB DEFAULT CHARSET=utf8mb4;

-- 2. РОЛИ ПОЛЬЗОВАТЕЛЕЙ
CREATE TABLE `user_roles` (
  `id` INT AUTO_INCREMENT PRIMARY KEY,
  `name` VARCHAR(100) NOT NULL,
  `code` VARCHAR(50) NOT NULL UNIQUE,
  `description` TEXT,
  `permissions` JSON
) ENGINE=InnoDB DEFAULT CHARSET=utf8mb4;

-- 3. ПОЛЬЗОВАТЕЛИ
CREATE TABLE `users` (
  `id` INT AUTO_INCREMENT PRIMARY KEY,
  `username` VARCHAR(50) NOT NULL UNIQUE,
  `password_hash` VARCHAR(255) NOT NULL,
  `full_name` VARCHAR(100) NOT NULL,
  `email` VARCHAR(100),
  `role_id` INT,
  `is_active` BOOLEAN DEFAULT TRUE,
  `created_at` TIMESTAMP DEFAULT CURRENT_TIMESTAMP,
  CONSTRAINT `fk_users_role` FOREIGN KEY (`role_id`) REFERENCES `user_roles`(`id`) ON DELETE SET NULL
) ENGINE=InnoDB DEFAULT CHARSET=utf8mb4;

-- 4. КОНТРАГЕНТЫ
CREATE TABLE `contractors` (
  `id` INT AUTO_INCREMENT PRIMARY KEY,
  `name` VARCHAR(200) NOT NULL,
  `inn` VARCHAR(20) UNIQUE,
  `type` ENUM('supplier', 'customer', 'both') DEFAULT 'both',
  `contact_person` VARCHAR(100),
  `phone` VARCHAR(50),
  `email` VARCHAR(100),
  `address` TEXT,
  `created_at` TIMESTAMP DEFAULT CURRENT_TIMESTAMP
) ENGINE=InnoDB DEFAULT CHARSET=utf8mb4;

-- 5. КАТЕГОРИИ МАТЕРИАЛОВ
CREATE TABLE `material_categories` (
  `id` INT AUTO_INCREMENT PRIMARY KEY,
  `parent_id` INT,
  `name` VARCHAR(100) NOT NULL,
  `name_ru` VARCHAR(100),
  `code` VARCHAR(50) UNIQUE,
  `description` TEXT,
  CONSTRAINT `fk_mat_cat_parent` FOREIGN KEY (`parent_id`) REFERENCES `material_categories`(`id`) ON DELETE CASCADE
) ENGINE=InnoDB DEFAULT CHARSET=utf8mb4;

-- 6. КАТЕГОРИИ ПРОДУКЦИИ
CREATE TABLE `product_categories` (
  `id` INT AUTO_INCREMENT PRIMARY KEY,
  `parent_id` INT,
  `name` VARCHAR(100) NOT NULL,
  `name_ru` VARCHAR(100),
  `code` VARCHAR(50) UNIQUE,
  `description` TEXT,
  CONSTRAINT `fk_prod_cat_parent` FOREIGN KEY (`parent_id`) REFERENCES `product_categories`(`id`) ON DELETE CASCADE
) ENGINE=InnoDB DEFAULT CHARSET=utf8mb4;

-- 7. МАТЕРИАЛЫ
CREATE TABLE `materials` (
  `id` INT AUTO_INCREMENT PRIMARY KEY,
  `code` VARCHAR(50) NOT NULL UNIQUE,
  `name` VARCHAR(200) NOT NULL,
  `name_short` VARCHAR(100),
  `category_id` INT,
  `base_unit_id` INT,
  `specifications` JSON,
  `min_stock` DECIMAL(10,2),
  `max_stock` DECIMAL(10,2),
  `storage_location` VARCHAR(100),
  `lead_time_days` INT,
  `base_price` DECIMAL(10,2),
  `currency` CHAR(3) DEFAULT 'BYN',
  CONSTRAINT `fk_materials_category` FOREIGN KEY (`category_id`) REFERENCES `material_categories`(`id`) ON DELETE SET NULL,
  CONSTRAINT `fk_materials_unit` FOREIGN KEY (`base_unit_id`) REFERENCES `base_units`(`id`) ON DELETE RESTRICT
) ENGINE=InnoDB DEFAULT CHARSET=utf8mb4;

-- 8. ПРОДУКЦИЯ
CREATE TABLE `products` (
  `id` INT AUTO_INCREMENT PRIMARY KEY,
  `article` VARCHAR(50) NOT NULL UNIQUE,
  `name` VARCHAR(200) NOT NULL,
  `category_id` INT,
  `base_unit_id` INT,
  `specifications` JSON,
  `image` VARCHAR(200),
  `base_price` DECIMAL(10,2),
  `currency` CHAR(3) DEFAULT 'BYN',
  `is_active` BOOLEAN DEFAULT TRUE,
  `created_at` TIMESTAMP DEFAULT CURRENT_TIMESTAMP,
  `updated_at` TIMESTAMP DEFAULT CURRENT_TIMESTAMP ON UPDATE CURRENT_TIMESTAMP,
  CONSTRAINT `fk_products_category` FOREIGN KEY (`category_id`) REFERENCES `product_categories`(`id`) ON DELETE SET NULL,
  CONSTRAINT `fk_products_unit` FOREIGN KEY (`base_unit_id`) REFERENCES `base_units`(`id`) ON DELETE RESTRICT
) ENGINE=InnoDB DEFAULT CHARSET=utf8mb4;

-- Заполнение базовых данных
INSERT INTO `base_units` (`name`, `code`, `symbol`) VALUES
('Штука', 'pcs', 'шт.'),
('Килограмм', 'kg', 'кг'),
('Метр', 'm', 'м'),
('Литр', 'l', 'л'),
('Набор', 'set', 'наб.');

INSERT INTO `user_roles` (`name`, `code`, `description`) VALUES
('Администратор', 'admin', 'Полный доступ ко всем функциям системы'),
('Менеджер', 'manager', 'Управление заказами и клиентами'),
('Производство', 'production', 'Управление производственными задачами'),
('Склад', 'warehouse', 'Учёт материалов и продукции'),
('Бухгалтер', 'accountant', 'Финансовая отчётность');

-- Категории продукции
INSERT INTO `product_categories` (`id`, `name`, `name_ru`, `code`, `description`) VALUES
(1, 'Электродвигатели асинхронные трёхфазные общепромышленного назначения (серия АИР)', 'Асинхронные двигатели АИР', 'AIR_general', 'Предназначены для комплектации электроприводов различных механизмов во всех отраслях промышленности и аграрного комплекса'),
(2, 'Энергоэффективные электродвигатели общепромышленного назначения (серия 2AIR, класс IE2)', 'Энергоэффективные двигатели 2AIR', '2AIR_IE2', 'КПД выше серийных двигателей в среднем на 5%. Соответствуют СТБ IEC 60034-30-2011'),
(3, 'Многоскоростные электродвигатели', 'Многоскоростные двигатели', 'AIR_multispeed', 'Для привода механизмов, требующих ступенчатого регулирования частоты вращения'),
(4, 'Электродвигатели с повышенным скольжением (серия АИРС)', 'Двигатели с повышенным скольжением АИРС', 'AIRS_high_slip', 'Для механизмов с тяжелыми условиями пуска'),
(5, 'Электродвигатели для привода моноблочных насосов (индекс Ж)', 'Двигатели для насосов', 'AIRZ_pumps', 'Специальное исполнение для моноблочных насосов'),
(6, 'Электродвигатели для привода редукторов (индекс РЗ)', 'Двигатели для редукторов', 'AIRRZ_gearboxes', 'Специальное исполнение для привода редукторов'),
(7, 'Электродвигатели для птичников (АИРП)', 'Двигатели для птичников', 'AIRP_poultry', 'Для привода осевых вентиляторов в животноводческих и птицеводческих помещениях'),
(8, 'Электродвигатели для стрелочных электроприводов железной дороги (серия АИРЧ)', 'Двигатели для железной дороги', 'AIRC_railway', 'Для стрелочных электроприводов железной дороги'),
(9, 'Взрывозащищённые электродвигатели (серия АИВР)', 'Взрывозащищенные двигатели', 'AIVR_explosion', 'Степень взрывозащиты 1ExdIIBT4 по ГОСТ 30852.0. Чугунная станина'),
(10, 'Электродвигатели однофазные (бытового и промышленного назначения)', 'Однофазные двигатели АИРЕ', 'AIRE_single_phase', 'С двухфазной обмоткой и рабочим конденсатором, напряжение 220 В'),
(11, 'Электронасосы бытовые', 'Электронасосы', 'pumps_household', 'Для перекачки воды из рек, озёр, колодцев, скважин'),
(12, 'Электроконфорки чугунные', 'Электроконфорки', 'heating_elements', 'Для бытовых электроплит');

-- =====================================================================
-- ПРОДУКЦИЯ: АСИНХРОННЫЕ ДВИГАТЕЛИ АИР (КАТЕГОРИЯ 1)
-- =====================================================================
INSERT INTO `products` (`article`, `name`, `category_id`, `base_unit_id`, `specifications`, `image`, `base_price`, `currency`, `is_active`) VALUES
-- Габарит 71
('АИР71А2', 'Двигатель АИР71А2', 1, 1, '{"мощность_квт":0.75,"частота_вращения_об_мин":3000,"кпд_проц":77.0,"косинус_фи":0.8,"пусковой_ток_к_номинальному":6.0,"пусковой_момент_к_номинальному":2.6,"макс_момент_к_номинальному":2.7,"мин_момент_к_номинальному":1.6,"масса_кг":10.2,"габарит":71,"число_полюсов":2}', 'motor_air71a2.jpg', 280.00, 'BYN', TRUE),
('АИР71В2', 'Двигатель АИР71В2', 1, 1, '{"мощность_квт":1.1,"частота_вращения_об_мин":3000,"кпд_проц":78.0,"косинус_фи":0.8,"пусковой_ток_к_номинальному":6.0,"пусковой_момент_к_номинальному":2.2,"макс_момент_к_номинальному":2.4,"мин_момент_к_номинальному":1.6,"масса_кг":10.5,"габарит":71,"число_полюсов":2}', 'motor_air71b2.jpg', 310.00, 'BYN', TRUE),
('АИР71А4', 'Двигатель АИР71А4', 1, 1, '{"мощность_квт":0.55,"частота_вращения_об_мин":1500,"кпд_проц":71.0,"косинус_фи":0.71,"пусковой_ток_к_номинальному":5.0,"пусковой_момент_к_номинальному":2.3,"макс_момент_к_номинальному":2.4,"мин_момент_к_номинальному":1.8,"масса_кг":9.7,"габарит":71,"число_полюсов":4}', 'motor_air71a4.jpg', 265.00, 'BYN', TRUE),
('АИР71В4', 'Двигатель АИР71В4', 1, 1, '{"мощность_квт":0.75,"частота_вращения_об_мин":1500,"кпд_проц":74.0,"косинус_фи":0.78,"пусковой_ток_к_номинальному":5.0,"пусковой_момент_к_номинальному":2.5,"макс_момент_к_номинальному":2.6,"мин_момент_к_номинальному":2.4,"масса_кг":10.2,"габарит":71,"число_полюсов":4}', 'motor_air71b4.jpg', 290.00, 'BYN', TRUE),
('АИР71А6', 'Двигатель АИР71А6', 1, 1, '{"мощность_квт":0.37,"частота_вращения_об_мин":1000,"кпд_проц":66.0,"косинус_фи":0.63,"пусковой_ток_к_номинальному":4.5,"пусковой_момент_к_номинальному":2.1,"макс_момент_к_номинальному":2.3,"мин_момент_к_номинальному":1.6,"масса_кг":9.2,"габарит":71,"число_полюсов":6}', 'motor_air71a6.jpg', 255.00, 'BYN', TRUE),
('АИР71В6', 'Двигатель АИР71В6', 1, 1, '{"мощность_квт":0.55,"частота_вращения_об_мин":1000,"кпд_проц":69.0,"косинус_фи":0.68,"пусковой_ток_к_номинальному":4.5,"пусковой_момент_к_номинальному":1.9,"макс_момент_к_номинальному":2.2,"мин_момент_к_номинальному":1.6,"масса_кг":10.8,"габарит":71,"число_полюсов":6}', 'motor_air71b6.jpg', 275.00, 'BYN', TRUE),

-- Габарит 80
('АИР80А2', 'Двигатель АИР80А2', 1, 1, '{"мощность_квт":1.5,"частота_вращения_об_мин":3000,"кпд_проц":82.0,"косинус_фи":0.85,"пусковой_ток_к_номинальному":6.5,"пусковой_момент_к_номинальному":2.2,"макс_момент_к_номинальному":2.6,"мин_момент_к_номинальному":1.8,"масса_кг":13.3,"габарит":80,"число_полюсов":2}', 'motor_air80a2.jpg', 380.00, 'BYN', TRUE),
('АИР80В2', 'Двигатель АИР80В2', 1, 1, '{"мощность_квт":2.2,"частота_вращения_об_мин":3000,"кпд_проц":83.0,"косинус_фи":0.87,"пусковой_ток_к_номинальному":6.4,"пусковой_момент_к_номинальному":2.1,"макс_момент_к_номинальному":2.6,"мин_момент_к_номинальному":1.8,"масса_кг":15.9,"габарит":80,"число_полюсов":2}', 'motor_air80b2.jpg', 420.00, 'BYN', TRUE),
('АИР80А4', 'Двигатель АИР80А4', 1, 1, '{"мощность_квт":1.1,"частота_вращения_об_мин":1500,"кпд_проц":76.5,"косинус_фи":0.77,"пусковой_ток_к_номинальному":5.0,"пусковой_момент_к_номинальному":2.2,"макс_момент_к_номинальному":2.4,"мин_момент_к_номинальному":1.7,"масса_кг":12.8,"габарит":80,"число_полюсов":4}', 'motor_air80a4.jpg', 350.00, 'BYN', TRUE),
('АИР80В4', 'Двигатель АИР80В4', 1, 1, '{"мощность_квт":1.5,"частота_вращения_об_мин":1500,"кпд_проц":78.5,"косинус_фи":0.80,"пусковой_ток_к_номинальному":5.3,"пусковой_момент_к_номинальному":2.2,"макс_момент_к_номинальному":2.4,"мин_момент_к_номинальному":1.7,"масса_кг":14.7,"габарит":80,"число_полюсов":4}', 'motor_air80b4.jpg', 390.00, 'BYN', TRUE),
('АИР80А6', 'Двигатель АИР80А6', 1, 1, '{"мощность_квт":0.75,"частота_вращения_об_мин":1000,"кпд_проц":71.0,"косинус_фи":0.71,"пусковой_ток_к_номинальному":4.0,"пусковой_момент_к_номинальному":2.1,"макс_момент_к_номинальному":2.2,"мин_момент_к_номинальному":1.6,"масса_кг":12.5,"габарит":80,"число_полюсов":6}', 'motor_air80a6.jpg', 320.00, 'BYN', TRUE),
('АИР80В6', 'Двигатель АИР80В6', 1, 1, '{"мощность_квт":1.1,"частота_вращения_об_мин":1000,"кпд_проц":75.0,"косинус_фи":0.74,"пусковой_ток_к_номинальному":4.5,"пусковой_момент_к_номинальному":2.2,"макс_момент_к_номинальному":2.3,"мин_момент_к_номинальному":1.8,"масса_кг":16.2,"габарит":80,"число_полюсов":6}', 'motor_air80b6.jpg', 360.00, 'BYN', TRUE),

-- Габарит 90
('АИР90L2', 'Двигатель АИР90L2', 1, 1, '{"мощность_квт":3.0,"частота_вращения_об_мин":3000,"кпд_проц":84.6,"косинус_фи":0.88,"пусковой_ток_к_номинальному":7.0,"пусковой_момент_к_номинальному":2.3,"макс_момент_к_номинальному":2.6,"мин_момент_к_номинальному":1.7,"масса_кг":20.6,"габарит":90,"число_полюсов":2}', 'motor_air90l2.jpg', 550.00, 'BYN', TRUE),
('АИР90LB2', 'Двигатель АИР90LB2', 1, 1, '{"мощность_квт":4.0,"частота_вращения_об_мин":3000,"кпд_проц":86.5,"косинус_фи":0.86,"пусковой_ток_к_номинальному":7.5,"пусковой_момент_к_номинальному":2.0,"макс_момент_к_номинальному":2.4,"мин_момент_к_номинальному":1.6,"масса_кг":23.4,"габарит":90,"число_полюсов":2}', 'motor_air90lb2.jpg', 620.00, 'BYN', TRUE),
('АИР90L4', 'Двигатель АИР90L4', 1, 1, '{"мощность_квт":2.2,"частота_вращения_об_мин":1500,"кпд_проц":81.0,"косинус_фи":0.83,"пусковой_ток_к_номинальному":6.0,"пусковой_момент_к_номинальному":2.0,"макс_момент_к_номинальному":2.6,"мин_момент_к_номинальному":2.0,"масса_кг":19.7,"габарит":90,"число_полюсов":4}', 'motor_air90l4.jpg', 520.00, 'BYN', TRUE),
('АИР90LB4', 'Двигатель АИР90LB4', 1, 1, '{"мощность_квт":3.0,"частота_вращения_об_мин":1500,"кпд_проц":81.0,"косинус_фи":0.81,"пусковой_ток_к_номинальному":6.5,"пусковой_момент_к_номинальному":2.0,"макс_момент_к_номинальному":2.4,"мин_момент_к_номинальному":1.7,"масса_кг":24.1,"габарит":90,"число_полюсов":4}', 'motor_air90lb4.jpg', 580.00, 'BYN', TRUE),
('АИР90L6', 'Двигатель АИР90L6', 1, 1, '{"мощность_квт":1.5,"частота_вращения_об_мин":1000,"кпд_проц":76.0,"косинус_фи":0.72,"пусковой_ток_к_номинальному":5.0,"пусковой_момент_к_номинальному":2.0,"макс_момент_к_номинальному":2.3,"мин_момент_к_номинальному":1.9,"масса_кг":20.6,"габарит":90,"число_полюсов":6}', 'motor_air90l6.jpg', 560.00, 'BYN', TRUE),
('АИР90LA8', 'Двигатель АИР90LA8', 1, 1, '{"мощность_квт":0.75,"частота_вращения_об_мин":750,"кпд_проц":72.5,"косинус_фи":0.71,"пусковой_ток_к_номинальному":4.0,"пусковой_момент_к_номинальному":1.5,"макс_момент_к_номинальному":2.0,"мин_момент_к_номинальному":1.5,"масса_кг":19.5,"габарит":90,"число_полюсов":8}', 'motor_air90la8.jpg', 540.00, 'BYN', TRUE),
('АИР90LB8', 'Двигатель АИР90LB8', 1, 1, '{"мощность_квт":1.1,"частота_вращения_об_мин":750,"кпд_проц":76.0,"косинус_фи":0.72,"пусковой_ток_к_номинальному":4.5,"пусковой_момент_к_номинальному":1.5,"макс_момент_к_номинальному":2.2,"мин_момент_к_номинальному":1.5,"масса_кг":22.3,"габарит":90,"число_полюсов":8}', 'motor_air90lb8.jpg', 590.00, 'BYN', TRUE),

-- Габарит 100
('АИР100S2', 'Двигатель АИР100S2', 1, 1, '{"мощность_квт":4.0,"частота_вращения_об_мин":3000,"кпд_проц":86.5,"косинус_фи":0.86,"пусковой_ток_к_номинальному":7.5,"пусковой_момент_к_номинальному":2.0,"макс_момент_к_номинальному":2.4,"мин_момент_к_номинальному":1.6,"масса_кг":23.6,"габарит":100,"число_полюсов":2}', 'motor_air100s2.jpg', 680.00, 'BYN', TRUE),
('АИР100S4', 'Двигатель АИР100S4', 1, 1, '{"мощность_квт":3.0,"частота_вращения_об_мин":1500,"кпд_проц":81.0,"косинус_фи":0.81,"пусковой_ток_к_номинальному":6.5,"пусковой_момент_к_номинальному":2.0,"макс_момент_к_номинальному":2.4,"мин_момент_к_номинальному":1.7,"масса_кг":25.8,"габарит":100,"число_полюсов":4}', 'motor_air100s4.jpg', 650.00, 'BYN', TRUE),
('АИР100L4', 'Двигатель АИР100L4', 1, 1, '{"мощность_квт":4.0,"частота_вращения_об_мин":1500,"кпд_проц":81.0,"косинус_фи":0.81,"пусковой_ток_к_номинальному":6.5,"пусковой_момент_к_номинальному":2.0,"макс_момент_к_номинальному":2.4,"мин_момент_к_номинальному":1.7,"масса_кг":25.8,"габарит":100,"число_полюсов":4}', 'motor_air100l4.jpg', 720.00, 'BYN', TRUE),
('АИР100L6', 'Двигатель АИР100L6', 1, 1, '{"мощность_квт":2.2,"частота_вращения_об_мин":1000,"кпд_проц":76.0,"косинус_фи":0.72,"пусковой_ток_к_номинальному":5.0,"пусковой_момент_к_номинальному":2.0,"макс_момент_к_номинальному":2.3,"мин_момент_к_номинальному":1.9,"масса_кг":20.8,"габарит":100,"число_полюсов":6}', 'motor_air100l6.jpg', 690.00, 'BYN', TRUE),
('АИР100L2', 'Двигатель АИР100L2', 1, 1, '{"мощность_квт":5.5,"частота_вращения_об_мин":3000,"кпд_проц":87.0,"косинус_фи":0.94,"пусковой_ток_к_номинальному":8.4,"пусковой_момент_к_номинальному":2.4,"макс_момент_к_номинальному":3.2,"мин_момент_к_номинальному":1.65,"масса_кг":28.0,"габарит":100,"число_полюсов":2}', 'motor_air100l2.jpg', 780.00, 'BYN', TRUE),

-- Габарит 112
('АИР112M2', 'Двигатель АИР112M2', 1, 1, '{"мощность_квт":7.5,"частота_вращения_об_мин":3000,"кпд_проц":87.5,"косинус_фи":0.89,"пусковой_ток_к_номинальному":7.5,"пусковой_момент_к_номинальному":2.2,"макс_момент_к_номинальному":2.8,"мин_момент_к_номинальному":1.8,"масса_кг":35.0,"габарит":112,"число_полюсов":2}', 'motor_air112m2.jpg', 950.00, 'BYN', TRUE),
('АИР112M4', 'Двигатель АИР112M4', 1, 1, '{"мощность_квт":5.5,"частота_вращения_об_мин":1500,"кпд_проц":85.0,"косинус_фи":0.84,"пусковой_ток_к_номинальному":7.0,"пусковой_момент_к_номинальному":2.3,"макс_момент_к_номинальному":2.7,"мин_момент_к_номинальному":2.0,"масса_кг":33.0,"габарит":112,"число_полюсов":4}', 'motor_air112m4.jpg', 880.00, 'BYN', TRUE),
('АИР112MA6', 'Двигатель АИР112MA6', 1, 1, '{"мощность_квт":3.0,"частота_вращения_об_мин":1000,"кпд_проц":80.0,"косинус_фи":0.75,"пусковой_ток_к_номинальному":6.0,"пусковой_момент_к_номинальному":2.1,"макс_момент_к_номинальному":2.5,"мин_момент_к_номинальному":1.9,"масса_кг":31.0,"габарит":112,"число_полюсов":6}', 'motor_air112ma6.jpg', 850.00, 'BYN', TRUE),
('АИР112MB6', 'Двигатель АИР112MB6', 1, 1, '{"мощность_квт":4.0,"частота_вращения_об_мин":1000,"кпд_проц":81.5,"косинус_фи":0.77,"пусковой_ток_к_номинальному":6.5,"пусковой_момент_к_номинальному":2.2,"макс_момент_к_номинальному":2.6,"мин_момент_к_номинальному":2.0,"масса_кг":33.5,"габарит":112,"число_полюсов":6}', 'motor_air112mb6.jpg', 920.00, 'BYN', TRUE),
('АИР112MA8', 'Двигатель АИР112MA8', 1, 1, '{"мощность_квт":2.2,"частота_вращения_об_мин":750,"кпд_проц":76.0,"косинус_фи":0.70,"пусковой_ток_к_номинальному":5.0,"пусковой_момент_к_номинальному":1.8,"макс_момент_к_номинальному":2.2,"мин_момент_к_номинальному":1.6,"масса_кг":32.0,"габарит":112,"число_полюсов":8}', 'motor_air112ma8.jpg', 890.00, 'BYN', TRUE),
('АИР112MB8', 'Двигатель АИР112MB8', 1, 1, '{"мощность_квт":3.0,"частота_вращения_об_мин":750,"кпд_проц":78.0,"косинус_фи":0.72,"пусковой_ток_к_номинальному":5.5,"пусковой_момент_к_номинальному":1.9,"макс_момент_к_номинальному":2.3,"мин_момент_к_номинальному":1.7,"масса_кг":34.0,"габарит":112,"число_полюсов":8}', 'motor_air112mb8.jpg', 960.00, 'BYN', TRUE);

-- =====================================================================
-- ПРОДУКЦИЯ: ЭНЕРГОЭФФЕКТИВНЫЕ ДВИГАТЕЛИ 2AIR (КАТЕГОРИЯ 2)
-- =====================================================================
INSERT INTO `products` (`article`, `name`, `category_id`, `base_unit_id`, `specifications`, `image`, `base_price`, `currency`, `is_active`) VALUES
('2AIR80A2', 'Двигатель 2AIR80A2', 2, 1, '{"мощность_квт":1.5,"частота_вращения_об_мин":3000,"кпд_проц":81.3,"класс_энергоэффективности":"IE2","косинус_фи":0.89,"пусковой_момент_к_номинальному":2.2,"макс_момент_к_номинальному":2.6,"мин_момент_к_номинальному":1.8,"пусковой_ток_к_номинальному":6.5}', 'motor_2air80a2.jpg', 420.00, 'BYN', TRUE),
('2AIR80B2', 'Двигатель 2AIR80B2', 2, 1, '{"мощность_квт":2.2,"частота_вращения_об_мин":3000,"кпд_проц":83.2,"класс_энергоэффективности":"IE2","косинус_фи":0.92,"пусковой_момент_к_номинальному":2.1,"макс_момент_к_номинальному":2.6,"мин_момент_к_номинальному":1.8,"пусковой_ток_к_номинальному":6.4}', 'motor_2air80b2.jpg', 460.00, 'BYN', TRUE),
('2AIR80A6', 'Двигатель 2AIR80A6', 2, 1, '{"мощность_квт":0.75,"частота_вращения_об_мин":1000,"кпд_проц":75.9,"класс_энергоэффективности":"IE2","косинус_фи":0.67,"пусковой_момент_к_номинальному":2.1,"макс_момент_к_номинальному":2.2,"мин_момент_к_номинальному":1.6,"пусковой_ток_к_номинальному":4.0}', 'motor_2air80a6.jpg', 380.00, 'BYN', TRUE),
('2AIR80B6', 'Двигатель 2AIR80B6', 2, 1, '{"мощность_квт":1.1,"частота_вращения_об_мин":1000,"кпд_проц":78.1,"класс_энергоэффективности":"IE2","косинус_фи":0.69,"пусковой_момент_к_номинальному":2.2,"макс_момент_к_номинальному":2.3,"мин_момент_к_номинальному":1.8,"пусковой_ток_к_номинальному":4.5}', 'motor_2air80b6.jpg', 420.00, 'BYN', TRUE),
('2AIR90L2', 'Двигатель 2AIR90L2', 2, 1, '{"мощность_квт":3.0,"частота_вращения_об_мин":3000,"кпд_проц":85.6,"класс_энергоэффективности":"IE2","косинус_фи":0.94,"пусковой_момент_к_номинальному":2.3,"макс_момент_к_номинальному":2.7,"мин_момент_к_номинальному":2.0,"пусковой_ток_к_номинальному":7.0}', 'motor_2air90l2.jpg', 590.00, 'BYN', TRUE),
('2AIR90L4', 'Двигатель 2AIR90L4', 2, 1, '{"мощность_квт":2.2,"частота_вращения_об_мин":1500,"кпд_проц":84.5,"класс_энергоэффективности":"IE2","косинус_фи":0.87,"пусковой_момент_к_номинальному":2.8,"макс_момент_к_номинальному":2.7,"мин_момент_к_номинальному":2.2,"пусковой_ток_к_номинальному":7.2}', 'motor_2air90l4.jpg', 560.00, 'BYN', TRUE),
('2AIR90L6', 'Двигатель 2AIR90L6', 2, 1, '{"мощность_квт":1.5,"частота_вращения_об_мин":1000,"кпд_проц":80.3,"класс_энергоэффективности":"IE2","косинус_фи":0.76,"пусковой_момент_к_номинальному":2.6,"макс_момент_к_номинальному":3.0,"мин_момент_к_номинальному":2.4,"пусковой_ток_к_номинальному":6.0}', 'motor_2air90l6.jpg', 600.00, 'BYN', TRUE),
('2AIR100S2', 'Двигатель 2AIR100S2', 2, 1, '{"мощность_квт":4.0,"частота_вращения_об_мин":3000,"кпд_проц":85.8,"класс_энергоэффективности":"IE2","косинус_фи":0.93,"пусковой_момент_к_номинальному":2.5,"макс_момент_к_номинальному":3.5,"мин_момент_к_номинальному":2.0,"пусковой_ток_к_номинальному":8.3}', 'motor_2air100s2.jpg', 720.00, 'BYN', TRUE),
('2AIR100L2', 'Двигатель 2AIR100L2', 2, 1, '{"мощность_квт":5.5,"частота_вращения_об_мин":3000,"кпд_проц":87.0,"класс_энергоэффективности":"IE2","косинус_фи":0.94,"пусковой_момент_к_номинальному":2.4,"макс_момент_к_номинальному":3.2,"мин_момент_к_номинальному":1.65,"пусковой_ток_к_номинальному":8.4}', 'motor_2air100l2.jpg', 820.00, 'BYN', TRUE),
('2AIR100S4', 'Двигатель 2AIR100S4', 2, 1, '{"мощность_квт":3.0,"частота_вращения_об_мин":1500,"кпд_проц":85.7,"класс_энергоэффективности":"IE2","косинус_фи":0.78,"пусковой_момент_к_номинальному":2.5,"макс_момент_к_номинальному":3.0,"мин_момент_к_номинальному":2.0,"пусковой_ток_к_номинальному":7.0}', 'motor_2air100s4.jpg', 690.00, 'BYN', TRUE),
('2AIR100L4', 'Двигатель 2AIR100L4', 2, 1, '{"мощность_квт":4.0,"частота_вращения_об_мин":1500,"кпд_проц":86.9,"класс_энергоэффективности":"IE2","косинус_фи":0.79,"пусковой_момент_к_номинальному":2.5,"макс_момент_к_номинальному":3.0,"мин_момент_к_номинальному":2.0,"пусковой_ток_к_номинальному":7.5}', 'motor_2air100l4.jpg', 760.00, 'BYN', TRUE),
('2AIR100L6', 'Двигатель 2AIR100L6', 2, 1, '{"мощность_квт":2.2,"частота_вращения_об_мин":1000,"кпд_проц":82.2,"класс_энергоэффективности":"IE2","косинус_фи":0.80,"пусковой_момент_к_номинальному":2.7,"макс_момент_к_номинальному":3.1,"мин_момент_к_номинальному":2.0,"пусковой_ток_к_номинальному":6.3}', 'motor_2air100l6.jpg', 730.00, 'BYN', TRUE);

-- =====================================================================
-- ПРОДУКЦИЯ: МНОГОСКОРОСТНЫЕ ДВИГАТЕЛИ (КАТЕГОРИЯ 3)
-- =====================================================================
INSERT INTO `products` (`article`, `name`, `category_id`, `base_unit_id`, `specifications`, `image`, `base_price`, `currency`, `is_active`) VALUES
('АИР80А4/2', 'Двигатель многоскоростной АИР80А4/2', 3, 1, '{"мощность_квт_1500":1.12,"мощность_квт_3000":1.5,"частота_вращения_об_мин":"1500/3000","кпд_проц_1500":74.0,"кпд_проц_3000":73.0,"косинус_фи_1500":0.78,"косинус_фи_3000":0.85,"масса_кг":13.1}', 'motor_air80a4_2.jpg', 450.00, 'BYN', TRUE),
('АИР90L4/2', 'Двигатель многоскоростной АИР90L4/2', 3, 1, '{"мощность_квт_1500":2.2,"мощность_квт_3000":2.65,"частота_вращения_об_мин":"1500/3000"}', 'motor_air90l4_2.jpg', 620.00, 'BYN', TRUE),
('АИР90L6/4', 'Двигатель многоскоростной АИР90L6/4', 3, 1, '{"мощность_квт_1000":1.32,"мощность_квт_1500":1.6,"частота_вращения_об_мин":"1000/1500"}', 'motor_air90l6_4.jpg', 640.00, 'BYN', TRUE),
('АИР90L8/4', 'Двигатель многоскоростной АИР90L8/4', 3, 1, '{"мощность_квт_750":0.8,"мощность_квт_1500":1.32,"частота_вращения_об_мин":"750/1500"}', 'motor_air90l8_4.jpg', 660.00, 'BYN', TRUE),
('АИР100S8/4', 'Двигатель многоскоростной АИР100S8/4', 3, 1, '{"мощность_квт_750":1.0,"мощность_квт_1500":1.7,"частота_вращения_об_мин":"750/1500"}', 'motor_air100s8_4.jpg', 720.00, 'BYN', TRUE);

-- =====================================================================
-- ПРОДУКЦИЯ: ДВИГАТЕЛИ С ПОВЫШЕННЫМ СКОЛЬЖЕНИЕМ АИРС (КАТЕГОРИЯ 4)
-- =====================================================================
INSERT INTO `products` (`article`, `name`, `category_id`, `base_unit_id`, `specifications`, `image`, `base_price`, `currency`, `is_active`) VALUES
('АИРС80А2', 'Двигатель АИРС80А2', 4, 1, '{"мощность_квт":1.9,"частота_вращения_об_мин":3000}', 'motor_airc80a2.jpg', 480.00, 'BYN', TRUE),
('АИРС80В2', 'Двигатель АИРС80В2', 4, 1, '{"мощность_квт":2.5,"частота_вращения_об_мин":3000}', 'motor_airc80b2.jpg', 520.00, 'BYN', TRUE),
('АИРС80А4', 'Двигатель АИРС80А4', 4, 1, '{"мощность_квт":1.32,"частота_вращения_об_мин":1500}', 'motor_airc80a4.jpg', 460.00, 'BYN', TRUE),
('АИРС80В4', 'Двигатель АИРС80В4', 4, 1, '{"мощность_квт":1.7,"частота_вращения_об_мин":1500}', 'motor_airc80b4.jpg', 500.00, 'BYN', TRUE),
('АИРС90L2', 'Двигатель АИРС90L2', 4, 1, '{"мощность_квт":3.5,"частота_вращения_об_мин":3000}', 'motor_airc90l2.jpg', 620.00, 'BYN', TRUE),
('АИРС90LB2', 'Двигатель АИРС90LB2', 4, 1, '{"мощность_квт":4.8,"частота_вращения_об_мин":3000}', 'motor_airc90lb2.jpg', 680.00, 'BYN', TRUE),
('АИРС90L4', 'Двигатель АИРС90L4', 4, 1, '{"мощность_квт":2.4,"частота_вращения_об_мин":1500}', 'motor_airc90l4.jpg', 590.00, 'BYN', TRUE),
('АИРС90LB4', 'Двигатель АИРС90LB4', 4, 1, '{"мощность_квт":3.2,"частота_вращения_об_мин":1500}', 'motor_airc90lb4.jpg', 640.00, 'BYN', TRUE),
('АИРС100S2', 'Двигатель АИРС100S2', 4, 1, '{"мощность_квт":4.8,"частота_вращения_об_мин":3000}', 'motor_airc100s2.jpg', 750.00, 'BYN', TRUE),
('АИРС100S4', 'Двигатель АИРС100S4', 4, 1, '{"мощность_квт":3.2,"частота_вращения_об_мин":1500}', 'motor_airc100s4.jpg', 710.00, 'BYN', TRUE);

-- =====================================================================
-- ПРОДУКЦИЯ: ДВИГАТЕЛИ ДЛЯ НАСОСОВ (КАТЕГОРИЯ 5)
-- =====================================================================
INSERT INTO `products` (`article`, `name`, `category_id`, `base_unit_id`, `specifications`, `image`, `base_price`, `currency`, `is_active`) VALUES
('АИР80А2Ж', 'Двигатель АИР80А2Ж', 5, 1, '{"мощность_квт":1.5,"частота_вращения_об_мин":3000}', 'motor_air80a2zh.jpg', 400.00, 'BYN', TRUE),
('АИР80В2Ж', 'Двигатель АИР80В2Ж', 5, 1, '{"мощность_квт":2.2,"частота_вращения_об_мин":3000}', 'motor_air80b2zh.jpg', 440.00, 'BYN', TRUE),
('АИР80В4Ж', 'Двигатель АИР80В4Ж', 5, 1, '{"мощность_квт":1.5,"частота_вращения_об_мин":1500}', 'motor_air80b4zh.jpg', 410.00, 'BYN', TRUE),
('АИР90L2Ж', 'Двигатель АИР90L2Ж', 5, 1, '{"мощность_квт":3.0,"частота_вращения_об_мин":3000}', 'motor_air90l2zh.jpg', 580.00, 'BYN', TRUE),
('АИР90L4Ж', 'Двигатель АИР90L4Ж', 5, 1, '{"мощность_квт":2.2,"частота_вращения_об_мин":1500}', 'motor_air90l4zh.jpg', 550.00, 'BYN', TRUE),
('АИР100S2Ж', 'Двигатель АИР100S2Ж', 5, 1, '{"мощность_квт":4.0,"частота_вращения_об_мин":3000}', 'motor_air100s2zh.jpg', 710.00, 'BYN', TRUE);

-- =====================================================================
-- ПРОДУКЦИЯ: ДВИГАТЕЛИ ДЛЯ РЕДУКТОРОВ (КАТЕГОРИЯ 6)
-- =====================================================================
INSERT INTO `products` (`article`, `name`, `category_id`, `base_unit_id`, `specifications`, `image`, `base_price`, `currency`, `is_active`) VALUES
('АИР90L2РЗ', 'Двигатель АИР90L2РЗ', 6, 1, '{"мощность_квт":3.0,"частота_вращения_об_мин":3000}', 'motor_air90l2rz.jpg', 580.00, 'BYN', TRUE),
('АИР90L4РЗ', 'Двигатель АИР90L4РЗ', 6, 1, '{"мощность_квт":2.2,"частота_вращения_об_мин":1500}', 'motor_air90l4rz.jpg', 550.00, 'BYN', TRUE),
('АИР90L6РЗ', 'Двигатель АИР90L6РЗ', 6, 1, '{"мощность_квт":1.5,"частота_вращения_об_мин":1000}', 'motor_air90l6rz.jpg', 590.00, 'BYN', TRUE),
('АИР90LA8РЗ', 'Двигатель АИР90LA8РЗ', 6, 1, '{"мощность_квт":0.75,"частота_вращения_об_мин":750}', 'motor_air90la8rz.jpg', 570.00, 'BYN', TRUE),
('АИР90LB8РЗ', 'Двигатель АИР90LB8РЗ', 6, 1, '{"мощность_квт":1.1,"частота_вращения_об_мин":750}', 'motor_air90lb8rz.jpg', 620.00, 'BYN', TRUE);

-- =====================================================================
-- ПРОДУКЦИЯ: ДВИГАТЕЛИ ДЛЯ ПТИЦНИКОВ (КАТЕГОРИЯ 7)
-- =====================================================================
INSERT INTO `products` (`article`, `name`, `category_id`, `base_unit_id`, `specifications`, `image`, `base_price`, `currency`, `is_active`) VALUES
('АИРП80А6', 'Двигатель АИРП80А6', 7, 1, '{"мощность_квт":0.37,"частота_вращения_об_мин":1000}', 'motor_airp80a6.jpg', 340.00, 'BYN', TRUE),
('АИРП80С6', 'Двигатель АИРП80С6', 7, 1, '{"мощность_квт":0.75,"частота_вращения_об_мин":1000}', 'motor_airp80c6.jpg', 380.00, 'BYN', TRUE);

-- =====================================================================
-- ПРОДУКЦИЯ: ДВИГАТЕЛИ ДЛЯ ЖЕЛЕЗНОЙ ДОРОГИ (КАТЕГОРИЯ 8)
-- =====================================================================
INSERT INTO `products` (`article`, `name`, `category_id`, `base_unit_id`, `specifications`, `image`, `base_price`, `currency`, `is_active`) VALUES
('АИРЧ80В4', 'Двигатель АИРЧ80В4', 8, 1, '{"мощность_квт":0.55,"частота_вращения_об_мин":1500}', 'motor_airc80b4.jpg', 420.00, 'BYN', TRUE),
('АИРЧ80В6', 'Двигатель АИРЧ80В6', 8, 1, '{"мощность_квт":0.3,"частота_вращения_об_мин":1000}', 'motor_airc80b6.jpg', 400.00, 'BYN', TRUE);

-- =====================================================================
-- ПРОДУКЦИЯ: ВЗРЫВОЗАЩИЩЕННЫЕ ДВИГАТЕЛИ (КАТЕГОРИЯ 9)
-- =====================================================================
INSERT INTO `products` (`article`, `name`, `category_id`, `base_unit_id`, `specifications`, `image`, `base_price`, `currency`, `is_active`) VALUES
('АИВР80', 'Двигатель взрывозащищенный АИВР80', 9, 1, '{"мощность_квт":"1.5–2.2","частота_вращения_об_мин":"3000/1500","степень_взрывозащиты":"1ExdIIBT4","материал_станины":"чугун"}', 'motor_aivr80.jpg', 850.00, 'BYN', TRUE),
('АИВР90L', 'Двигатель взрывозащищенный АИВР90L', 9, 1, '{"мощность_квт":"2.2–3.0","частота_вращения_об_мин":"3000/1500","степень_взрывозащиты":"1ExdIIBT4","материал_станины":"чугун"}', 'motor_aivr90l.jpg', 950.00, 'BYN', TRUE);

-- =====================================================================
-- ПРОДУКЦИЯ: ОДНОФАЗНЫЕ ДВИГАТЕЛИ АИРЕ (КАТЕГОРИЯ 10)
-- =====================================================================
INSERT INTO `products` (`article`, `name`, `category_id`, `base_unit_id`, `specifications`, `image`, `base_price`, `currency`, `is_active`) VALUES
('АИРЕ71А2', 'Двигатель однофазный АИРЕ71А2', 10, 1, '{"мощность_квт":0.55,"частота_вращения_об_мин":3000,"напряжение_в":220}', 'motor aire71a2.jpg', 320.00, 'BYN', TRUE),
('АИРЕ71В2', 'Двигатель однофазный АИРЕ71В2', 10, 1, '{"мощность_квт":0.75,"частота_вращения_об_мин":3000,"напряжение_в":220}', 'motor aire71b2.jpg', 350.00, 'BYN', TRUE),
('АИРЕ71С2', 'Двигатель однофазный АИРЕ71С2', 10, 1, '{"мощность_квт":1.1,"частота_вращения_об_мин":3000,"напряжение_в":220}', 'motor aire71c2.jpg', 390.00, 'BYN', TRUE),
('АИРЕ71А4', 'Двигатель однофазный АИРЕ71А4', 10, 1, '{"мощность_квт":0.37,"частота_вращения_об_мин":1500,"напряжение_в":220}', 'motor aire71a4.jpg', 310.00, 'BYN', TRUE),
('АИРЕ71В4', 'Двигатель однофазный АИРЕ71В4', 10, 1, '{"мощность_квт":0.55,"частота_вращения_об_мин":1500,"напряжение_в":220}', 'motor aire71b4.jpg', 340.00, 'BYN', TRUE),
('АИРЕ71С4', 'Двигатель однофазный АИРЕ71С4', 10, 1, '{"мощность_квт":0.75,"частота_вращения_об_мин":1500,"напряжение_в":220}', 'motor aire71c4.jpg', 370.00, 'BYN', TRUE),
('АИРЕ80А2', 'Двигатель однофазный АИРЕ80А2', 10, 1, '{"мощность_квт":1.1,"частота_вращения_об_мин":3000,"напряжение_в":220}', 'motor aire80a2.jpg', 420.00, 'BYN', TRUE),
('АИРЕ80В2', 'Двигатель однофазный АИРЕ80В2', 10, 1, '{"мощность_квт":1.5,"частота_вращения_об_мин":3000,"напряжение_в":220}', 'motor aire80b2.jpg', 460.00, 'BYN', TRUE),
('АИРЕ80С2', 'Двигатель однофазный АИРЕ80С2', 10, 1, '{"мощность_квт":1.9,"частота_вращения_об_мин":3000,"напряжение_в":220}', 'motor aire80c2.jpg', 510.00, 'BYN', TRUE),
('АИРЕ80D2', 'Двигатель однофазный АИРЕ80D2', 10, 1, '{"мощность_квт":2.2,"частота_вращения_об_мин":3000,"напряжение_в":220}', 'motor aire80d2.jpg', 550.00, 'BYN', TRUE),
('АИРЕ80А4', 'Двигатель однофазный АИРЕ80А4', 10, 1, '{"мощность_квт":0.75,"частота_вращения_об_мин":1500,"напряжение_в":220}', 'motor aire80a4.jpg', 400.00, 'BYN', TRUE),
('АИРЕ80В4', 'Двигатель однофазный АИРЕ80В4', 10, 1, '{"мощность_квт":1.1,"частота_вращения_об_мин":1500,"напряжение_в":220}', 'motor aire80b4.jpg', 440.00, 'BYN', TRUE),
('АИРЕ80С4', 'Двигатель однофазный АИРЕ80С4', 10, 1, '{"мощность_квт":1.5,"частота_вращения_об_мин":1500,"напряжение_в":220}', 'motor aire80c4.jpg', 480.00, 'BYN', TRUE),
('АИРЕ90L2', 'Двигатель однофазный АИРЕ90L2', 10, 1, '{"мощность_квт":2.2,"частота_вращения_об_мин":3000,"напряжение_в":220}', 'motor aire90l2.jpg', 580.00, 'BYN', TRUE),
('АИРЕ90L4', 'Двигатель однофазный АИРЕ90L4', 10, 1, '{"мощность_квт":1.5,"частота_вращения_об_мин":1500,"напряжение_в":220}', 'motor aire90l4.jpg', 540.00, 'BYN', TRUE);

-- =====================================================================
-- ПРОДУКЦИЯ: ЭЛЕКТРОНАСОСЫ (КАТЕГОРИЯ 11)
-- =====================================================================
INSERT INTO `products` (`article`, `name`, `category_id`, `base_unit_id`, `specifications`, `image`, `base_price`, `currency`, `is_active`) VALUES
('БЦ-0,5-20-У1.1', 'Электронасос бытовой центробежный БЦ-0,5-20-У1.1', 11, 1, '{"потребляемая_мощность_вт":500,"напряжение_в":220,"производительность_л_мин":30,"номинальный_напор_м":20,"макс_высота_всасывания_м":7,"температура_воды_град_ц":"1–45","уплотнение":"торцовое керамическое"}', 'pump_bc05.jpg', 180.00, 'BYN', TRUE),
('ГНОМ', 'Электронасос погружной для загрязнённых вод типа «ГНОМ»', 11, 1, '{"температура_среды_град_ц":"0–35","водородный_показатель_рн":"5–10","плотность_среды_кг_м3":"до 1100","содержание_твёрдых_примесей_проц":"до 10","макс_размер_частиц_мм":5}', 'pump_gnom.jpg', 250.00, 'BYN', TRUE);

-- =====================================================================
-- ПРОДУКЦИЯ: ЭЛЕКТРОКОНФОРКИ (КАТЕГОРИЯ 12)
-- =====================================================================
INSERT INTO `products` (`article`, `name`, `category_id`, `base_unit_id`, `specifications`, `image`, `base_price`, `currency`, `is_active`) VALUES
('ЭКЧ-145', 'Электроконфорка чугунная ЭКЧ-145', 12, 1, '{"назначение":"Для бытовых электроплит"}', 'ekch145.jpg', 45.00, 'BYN', TRUE),
('ЭКЧ-180', 'Электроконфорка чугунная ЭКЧ-180', 12, 1, '{"назначение":"Для бытовых электроплит"}', 'ekch180.jpg', 55.00, 'BYN', TRUE),
('ЭКЧ220-2.0/220', 'Электроконфорка чугунная ЭКЧ220-2.0/220', 12, 1, '{"назначение":"Для бытовых электроплит"}', 'ekch220.jpg', 65.00, 'BYN', TRUE),
('ЭКЧ1-1.0/220', 'Электроконфорка чугунная ЭКЧ1-1.0/220', 12, 1, '{"назначение":"Для бытовых электроплит"}', 'ekch1.jpg', 40.00, 'BYN', TRUE);

SET FOREIGN_KEY_CHECKS = 1;
